{
"funding_amount": 2000000000,
"penalty_reserve": 100,
"dispute_window": 3,

"dispute_probability": 0,

"payments": {  "1": {"transaction_fees": 12000, "execution_time": 14.3166776},  "2": {"transaction_fees": 12000, "execution_time": 13.40271562},  "3": {"transaction_fees": 12000, "execution_time": 15.25801589},  "4": {"transaction_fees": 12000, "execution_time": 12.24972995},  "5": {"transaction_fees": 12000, "execution_time": 13.61387402},  "6": {"transaction_fees": -128000, "execution_time": 13.92991229},  "7": {"transaction_fees": 12000, "execution_time": 14.47385594},  "8": {"transaction_fees": -168000, "execution_time": 15.14931152},  "9": {"transaction_fees": 12000, "execution_time": 15.20271973},  "10": {"transaction_fees": 12000, "execution_time": 13.95170143},  "11": {"transaction_fees": -228000, "execution_time": 18.70552711},  "12": {"transaction_fees": 12000, "execution_time": 14.96486154},  "13": {"transaction_fees": 12000, "execution_time": 14.47809686},  "14": {"transaction_fees": -288000, "execution_time": 14.66550830},  "15": {"transaction_fees": -308000, "execution_time": 14.22280487},  "16": {"transaction_fees": 12000, "execution_time": 14.42489097},  "17": {"transaction_fees": 12000, "execution_time": 15.30482015},  "18": {"transaction_fees": -178000, "execution_time": 13.12152517},  "19": {"transaction_fees": -388002, "execution_time": 16.77297164},  "20": {"transaction_fees": -408002, "execution_time": 15.46621213}}
}
