{
   "funding_amount":2000000000,
   "penalty_reserve":100,
   "dispute_window":3,
   "dispute_probability":0,
   "payments":{
      "1":{
         "transaction_fees":12000,
         "execution_time":13.944924355
      },
      "2":{
         "transaction_fees":12000,
         "execution_time":14.735374928
      },
      "3":{
         "transaction_fees":12000,
         "execution_time":16.327255250
      },
      "4":{
         "transaction_fees":12000,
         "execution_time":14.382143497
      },
      "5":{
         "transaction_fees":12000,
         "execution_time":14.384879589
      },
      "6":{
         "transaction_fees":12000,
         "execution_time":14.695758820
      },
      "7":{
         "transaction_fees":12000,
         "execution_time":15.892668248
      },
      "8":{
         "transaction_fees":12000,
         "execution_time":14.422009466
      },
      "9":{
         "transaction_fees":12000,
         "execution_time":15.848258256
      },
      "10":{
         "transaction_fees":12000,
         "execution_time":16.338366030
      },
      "11":{
         "transaction_fees":12000,
         "execution_time":15.457520485
      },
      "12":{
         "transaction_fees":12000,
         "execution_time":14.095632790
      },
      "13":{
         "transaction_fees":12000,
         "execution_time":14.429044245
      },
      "14":{
         "transaction_fees":12000,
         "execution_time":14.350186349
      },
      "15":{
         "transaction_fees":12000,
         "execution_time":14.346318725
      },
      "16":{
         "transaction_fees":12000,
         "execution_time":15.094248533
      },
      "17":{
         "transaction_fees":12000,
         "execution_time":15.382708073
      },
      "18":{
         "transaction_fees":12000,
         "execution_time":16.969934463
      },
      "19":{
         "transaction_fees":12000,
         "execution_time":15.714178326
      },
      "20":{
         "transaction_fees":12000,
         "execution_time":12.720359565
      },
      "30":{
         "transaction_fees":12000,
         "execution_time":14.440620898
      },
      "40":{
         "transaction_fees":12000,
         "execution_time":13.471963172
      },
      "50":{
         "transaction_fees":12000,
         "execution_time":16.593260771
      },
      "60":{
         "transaction_fees":12000,
         "execution_time":14.905579565
      },
      "70":{
         "transaction_fees":12000,
         "execution_time":16.323530672
      },
      "80":{
         "transaction_fees":12000,
         "execution_time":16.403452391
      },
      "90":{
         "transaction_fees":12000,
         "execution_time":14.240827327
      },
      "100":{
         "transaction_fees":12000,
         "execution_time":14.994164944
      },
      "110":{
         "transaction_fees":12000,
         "execution_time":16.612053154
      },
      "120":{
         "transaction_fees":12000,
         "execution_time":16.665292739
      },
      "130":{
         "transaction_fees":12000,
         "execution_time":15.481747153
      },
      "140":{
         "transaction_fees":12000,
         "execution_time":16.056025025
      },
      "150":{
         "transaction_fees":12000,
         "execution_time":16.765041597
      },
      "160":{
         "transaction_fees":12000,
         "execution_time":15.052715543
      },
      "170":{
         "transaction_fees":12000,
         "execution_time":17.155404809
      },
      "180":{
         "transaction_fees":12000,
         "execution_time":16.494284164
      },
      "190":{
         "transaction_fees":12000,
         "execution_time":15.733608963
      },
      "200":{
         "transaction_fees":12000,
         "execution_time":16.747596024
      }
   }
}