{
   "funding_amount":2000000000,
   "penalty_reserve":100,
   "dispute_window":3,
   "dispute_probability":0,
   "payments":{
      "1":{
         "transaction_fees":12000,
         "execution_time":13.944924355
      },
      "2":{
         "transaction_fees":12000,
         "execution_time":14.735374928
      },
      "3":{
         "transaction_fees":12000,
         "execution_time":16.327255250
      },
      "4":{
         "transaction_fees":12000,
         "execution_time":14.382143497
      },
      "5":{
         "transaction_fees":12000,
         "execution_time":14.384879589
      },
      "6":{
         "transaction_fees":12000,
         "execution_time":14.695758820
      },
      "7":{
         "transaction_fees":12000,
         "execution_time":15.892668248
      },
      "8":{
         "transaction_fees":12000,
         "execution_time":14.422009466
      },
      "9":{
         "transaction_fees":12000,
         "execution_time":15.848258256
      },
      "10":{
         "transaction_fees":12000,
         "execution_time":14.153885127
      },
      "11":{
         "transaction_fees":12000,
         "execution_time":15.457520485
      },
      "12":{
         "transaction_fees":12000,
         "execution_time":14.095632790
      },
      "13":{
         "transaction_fees":12000,
         "execution_time":14.429044245
      },
      "14":{
         "transaction_fees":12000,
         "execution_time":14.350186349
      },
      "15":{
         "transaction_fees":12000,
         "execution_time":14.346318725
      },
      "16":{
         "transaction_fees":12000,
         "execution_time":15.094248533
      },
      "17":{
         "transaction_fees":12000,
         "execution_time":15.382708073
      },
      "18":{
         "transaction_fees":12000,
         "execution_time":16.969934463
      },
      "19":{
         "transaction_fees":12000,
         "execution_time":15.714178326
      },
      "20":{
         "transaction_fees":12000,
         "execution_time":16.203945878
      }
   }
}